{"cameraMode":{"drawMode":0,"name":"Shaded","section":"Shading Mode"},"sceneLighting":true,"audioPlay":false,"sceneViewState":{"showFog":true,"showMaterialUpdate":false,"showSkybox":true,"showFlares":true,"showImageEffects":true,"showParticleSystems":true},"in2DMode":false,"pivot":{"x":6.2671637535095219,"y":-0.15577955543994904,"z":7.543845176696777},"rotation":{"x":-0.10928612947463989,"y":-0.2844693958759308,"z":0.032660551369190219,"w":-0.9518755674362183},"size":15.983527183532715,"orthographic":false}