{"cameraMode":{"drawMode":0,"name":"Shaded","section":"Shading Mode"},"sceneLighting":true,"audioPlay":false,"sceneViewState":{"showFog":true,"showMaterialUpdate":false,"showSkybox":true,"showFlares":true,"showImageEffects":true,"showParticleSystems":true},"in2DMode":false,"pivot":{"x":-5.907344818115234,"y":-1.852717399597168,"z":12.836076736450196},"rotation":{"x":-0.13581041991710664,"y":0.17058944702148438,"z":-0.02374575100839138,"w":-0.9756489992141724},"size":22.96844482421875,"orthographic":false}