{"cameraMode":{"drawMode":0,"name":"Shaded","section":"Shading Mode"},"sceneLighting":true,"audioPlay":false,"sceneViewState":{"showFog":true,"showMaterialUpdate":false,"showSkybox":true,"showFlares":true,"showImageEffects":true,"showParticleSystems":true},"in2DMode":false,"pivot":{"x":1.3717219829559327,"y":2.023444652557373,"z":-0.617976725101471},"rotation":{"x":-0.2187107652425766,"y":-0.12344735115766525,"z":0.027905168011784555,"w":-0.9675472974777222},"size":12.86219310760498,"orthographic":false}